{
  "_meta": {
    "n": 1024,
    "step": 149999,
    "weights": "ema"
  },
  "div_real": 9.29075813293457,
  "by_guidance": {
    "6.5": {
      "fid": 0.5178493238943247,
      "div": 9.516679763793945,
      "R_top1": 0.48046875,
      "R_top2": 0.6865234375,
      "R_top3": 0.79296875,
      "mm_dist": 3.101815700531006
    }
  }
}